,Country,2020
0,Aruba,1.79
2,Afghanistan,76.81353644
4,Angola,578.2587803
5,Albania,108.65
8,United Arab Emirates,3.6725
9,Argentina,70.53916667
10,Armenia,489.0088586
12,Antigua and Barbuda,2.7
13,Australia,1.453085118
15,Azerbaijan,1.7
16,Burundi,1915.046176
18,Benin,574.2945496
19,Burkina Faso,575.5860045
20,Bangladesh,84.87139167
21,Bulgaria,1.716333333
22,Bahrain,0.376
23,"Bahamas, The",1.0
24,Bosnia and Herzegovina,1.716970495
25,Belarus,2.439575
26,Belize,2.0
27,Bermuda,1.0
28,Bolivia,6.91
29,Brazil,5.155178788
30,Barbados,2.0
31,Brunei Darussalam,1.37970343
32,Bhutan,74.09956688
33,Botswana,11.45624167
34,Central African Republic,575.5860045
35,Canada,1.341152672
37,Switzerland,0.938965
39,Chile,792.7272061
40,China,6.900767269
41,Cote d'Ivoire,575.5860045
42,Cameroon,575.5860045
43,"Congo, Dem. Rep.",1851.122162
44,"Congo, Rep.",575.5860045
45,Colombia,3694.854072
46,Comoros,430.7209122
47,Cabo Verde,96.79574279
48,Costa Rica,584.900855
51,Curacao,1.79
52,Cayman Islands,0.83333
54,Czech Republic,23.21025
56,Djibouti,177.721
57,Dominica,2.7
58,Denmark,6.542152204
59,Dominican Republic,56.52453333
60,Algeria,126.7768
66,Ecuador,1.0
67,"Egypt, Arab Rep.",15.75917292
68,Euro area,0.875506397
69,Eritrea,15.075
72,Ethiopia,34.9271654
76,Fiji,2.168804924
79,"Micronesia, Fed. Sts.",1.0
80,Gabon,575.5860045
81,United Kingdom,0.779999577
82,Georgia,3.109016667
83,Ghana,5.595708333
84,Gibraltar,0.779999577
85,Guinea,9565.082183
86,"Gambia, The",51.50166037
87,Guinea-Bissau,575.5860045
88,Equatorial Guinea,575.5860045
90,Grenada,2.7
92,Guatemala,7.72165
94,Guyana,208.5
96,"Hong Kong SAR, China",7.75725
97,Honduras,24.58188052
99,Croatia,6.6140555
100,Haiti,93.50980721
101,Hungary,307.9966667
106,Indonesia,14582.20347
108,Isle of Man,0.779999577
109,India,74.09956688
112,"Iran, Islamic Rep.",42000.0
113,Iraq,1192.0
114,Iceland,135.4217116
115,Israel,3.442405852
117,Jamaica,142.4028328
118,Jordan,0.71
119,Japan,106.7745823
120,Kazakhstan,412.9533333
121,Kenya,106.4507802
122,Kyrgyz Republic,77.3461127
123,Cambodia,4092.783219
124,Kiribati,1.453085118
125,St. Kitts and Nevis,2.7
126,"Korea, Rep.",1180.265833
127,Kuwait,0.306233122
129,Lao PDR,9143.93584
130,Lebanon,1507.5
131,Liberia,191.5179576
133,St. Lucia,2.7
138,Sri Lanka,185.5925578
141,Lesotho,16.47318687
146,"Macao SAR, China",7.989061917
148,Morocco,9.496847322
150,Moldova,17.32183521
151,Madagascar,3787.754058
152,Maldives,15.38126953
154,Mexico,21.48560833
157,North Macedonia,54.144325
158,Mali,575.5860045
160,Myanmar,1381.619167
162,Montenegro,0.877475207
163,Mongolia,2813.289835
165,Mozambique,69.465
166,Mauritania,37.18916667
167,Mauritius,39.34693333
168,Malawi,749.5274939
169,Malaysia,4.203481949
171,Namibia,16.46326667
172,New Caledonia,104.7106082
173,Niger,575.5860045
174,Nigeria,358.8107973
175,Nicaragua,34.34212212
177,Norway,9.415833333
178,Nepal,118.3451873
179,Nauru,1.453085118
180,New Zealand,1.542058333
182,Oman,0.3845
184,Pakistan,161.8384797
185,Panama,1.0
186,Peru,3.494941198
187,Philippines,49.624096
188,Palau,1.0
189,Papua New Guinea,3.459974386
190,Poland,3.899741667
195,Paraguay,6771.097425
199,French Polynesia,104.7106082
200,Qatar,3.64
201,Romania,4.243991667
202,Russian Federation,72.10490833
203,Rwanda,943.2780482
205,Saudi Arabia,3.75
206,Sudan,53.9960119
207,Senegal,575.5860045
208,Singapore,1.379741667
209,Solomon Islands,8.21341291
210,Sierra Leone,9829.926763
211,El Salvador,1.0
212,San Marino,0.877475207
214,Serbia,103.1632917
216,South Sudan,165.9073167
219,Sao Tome and Principe,21.5070591
220,Suriname,9.309545455
223,Sweden,9.210309028
224,Eswatini,16.47025587
225,Sint Maarten (Dutch part),1.79
226,Seychelles,17.61651876
229,Chad,575.5860045
232,Togo,575.5860045
233,Thailand,31.29367321
234,Tajikistan,10.32194167
237,Timor-Leste,1.0
239,Tonga,2.299561508
242,Trinidad and Tobago,6.751052687
243,Tunisia,2.812358333
244,Turkey,7.008605416
246,Tanzania,2294.146151
247,Uganda,3718.248923
248,Ukraine,26.95752438
250,Uruguay,42.01329167
251,United States,1.0
252,Uzbekistan,10054.26133
253,St. Vincent and the Grenadines,2.7
257,Vietnam,23208.36833
258,Vanuatu,115.38
260,Samoa,2.664960845
261,Kosovo,0.877475207
262,"Yemen, Rep.",740.5
263,South Africa,16.45910539
264,Zambia,18.34409265
265,Zimbabwe,51.32901312
